no,heading,link,date
1,Taking Breaks: Why Being Busy Doesn't Equal Productivity ,/blog/taking-breaks-for-productivity,2020-08-19
2,Student Interview: R16 On Remote Company Projects,/blog/student-interview-r16-on-remote-company-projects,2020-08-11
3,5 Topics To Master Before Learning React Hooks ,/blog/five-topics-to-master-before-learning-react-hooks,2020-07-28
4,What You Can Learn From Learning A New Language,/blog/what-you-can-learn-from-learning-a-new-language,2020-07-21
5,Software Engineering Careers Post Covid-19,/blog/software-engineering-coronavirus-job-market,2020-07-08
6,What Coding Language You Should Learn To Get Hired In 2020,/blog/what-coding-language-you-should-learn-to-get-hired-in-2020,2020-07-02
7,Alumni Spotlight: George Gruner,/blog/alumni-spotlight-george-gruner,2020-06-24
8,A Tech Worker Reading List for 2020,/blog/tech-worker-reading-list-for-2020,2020-06-08
9,JavaScript in 2020,/blog/javascript-in-2020,2020-05-27
10,Rithm's Alumni Mentor Program,/blog/bootcamp-alumni-mentorship-program,2020-05-12
11,Rithm School Remote Updates - Scholarships & Smaller Class Sizes,/blog/remote-2020-updates-scholarships,2020-05-06
12,Student Interview: R14 On Remote Company Projects,/blog/student-interview-remote-company-projects,2020-04-29
13,7 Easy Ways To Focus On The Job Search Process,/blog/focus-job-process-during-covid-19,2020-04-21
14,SanFranciscoBootcamps.com - Campus Review – Rithm School San Francisco,/blog/san-francisco-coding-bootcamps-review,2020-04-08
15,Rithm School Remote Learning FAQs,/blog/remote-learning-faq,2020-04-01
16,Looking Back On Our First Women In Tech Event Series ,/blog/looking-back-women-in-tech,2020-03-31
17,Working From Home: A Guide to Success,/blog/working-from-home-guide-to-success,2020-03-16
18,How To Get Good At Coding Challenges,/blog/how-to-get-good-at-coding-challenges,2020-03-04
19,Avoid Recruiters: Embrace Cold Email,/blog/avoid-recruiters-use-cold-email,2020-02-26
20,4 Strategies for Whiteboarding Success,/blog/strategies-for-whiteboarding,2020-02-16
21,8 Questions You Should Consider Before Becoming A Software Engineer,/blog/introduction-to-software-engineering,2020-02-13
22,Intro To Modern React - Preview,/blog/intro-to-modern-react-preivew,2020-02-05
23,Alumni Spotlight: Orlando Wong,/blog/alumni-spotlight-orlando-wong-rithm-school,2020-01-28
24,React Hooks! - useEffect,/blog/react-hooks-use-effect,2020-01-14
25,It’s 2020: Where are the Women in Tech? ,/blog/it-is-2020-where-are-the-women-in-tech,2019-12-20
26,Implementation Intentions: The Secret Weapon to Achieve Your Goals,/blog/implementation-intentions,2019-12-12
27,An Introduction to GraphQL - Mutations,/blog/an-introduction-to-graphql-mutations,2019-12-02
28,Student Interview: Jennifer + Luke on Company Projects,/blog/student-interview-jennifer-luke,2019-11-07
29,React Hooks! - An Introduction,/blog/react-hooks-intro,2019-10-22
30,An Introduction to GraphQL - Queries,/blog/an-introduction-to-graphql-queries,2019-10-15
31,Alumni Spotlight: Sandy Cao,/blog/alumni-spotlight-sandy,2019-10-10
32,Student Interview: Pair Programming And Company Projects,/blog/student-interview-pair-programming-and-company-projects,2019-09-03
33,Getting Acquainted With A Production Code Base,/blog/getting-up-to-speed-on-a-production-code-base,2019-06-18
34,"Staff Spotlight - Zach DeRossette, Career Coach",/blog/staff-spotlight-zach-derossette,2019-05-22
35,Student Interview: Lena Ryoo on Company Projects,/blog/student-interview-lena-ryoo,2019-05-15
36,Debugging Like a Scientist,/blog/debugging-like-a-scientist,2019-04-29
37,The Benefits of Code Reviews,/blog/benefits-of-code-reviews,2019-03-29
38,Three More JavaScript Mistakes That Beginners Make,/blog/three-more-js-mistakes-that-beginners-make,2019-03-07
39,Alumni Spotlight: Miranda Howitt,/blog/alumni-spotlight-miranda,2019-02-12
40,Alumni Spotlight: Kristen Lingwood,/blog/alumni-spotlight-kristen,2019-02-06
41,Alumni Spotlight: Tyler Ketron,/blog/alumni-spotlight-tyler,2019-01-30
42,Avoiding Burnout,/blog/avoiding-burnout,2019-01-09
43,Student Interview: Sarah + Zac on Company Projects,/blog/student-interview-sarah-zac,2018-12-18
44,A New Tuition Option: We Make Money Only When You Do,/blog/new-tuition-option,2018-12-11
45,MongoDB is Easy,/blog/mongodb-is-easy,2018-12-06
46,Meet The Instructor: Alissa Renz,/blog/meet-the-instructor-alissa-renz,2018-11-14
47,Error Handling in Express,/blog/error-handling-express,2018-11-05
48,Four Tips for Moving Faster as a Developer,/blog/developer-productivity,2018-10-16
49,Five Tips to Manage the Emotional Side of a Coding Program,/blog/five-tips-emotional-management,2018-10-08
50,Does Emotional Intelligence Get You Paid More in Tech?,/blog/emotional-intelligence,2018-10-03
51,Post-Outcomes Blog: Top 3 Insights for Job-Seekers,/blog/insights-job-seekers,2018-09-27
52,"Staff Spotlight - Megan Lane, Operations & Events Associate",/blog/staff-spotlight-megan-lane,2018-09-11
53,Different Approaches to Using Relational Databases with Express,/blog/different-approaches-express,2018-08-28
54,The Job Funnel,/blog/the-job-funnel,2018-08-20
55,Alumni Spotlight: Daniel Szabo,/blog/alumni-spotlight-daniel,2018-08-08
56,Rithm School Interview FAQs,/blog/rithm-interview-faqs,2018-08-01
57,BPPE Approval and Outcomes Numbers,/blog/bppe-approval-and-outcomes-numbers,2018-07-25
58,What’s New in Python 3.7: Data Classes,/blog/whats-new-in-python-3-7,2018-07-11
59,Five Tips for Getting Yourself Unstuck,/blog/five-tips-for-getting-yourself-unstuck,2018-06-22
60,A Roadmap for Learning How To Code - Part 3,/blog/roadmap-for-learning-how-to-code-03,2018-06-13
61,Student Interview: Paula + Miranda on Company Projects,/blog/student-interview-paula-miranda,2018-06-05
62,Five Essential Rules when Job Searching,/blog/five-essential-rules-when-job-searching,2018-05-31
63,Outcomes: A Preview,/blog/outcomes-a-preview,2018-05-22
64,The Benefit of Low-Abstraction Frameworks for Scaffolding Learning,/blog/low-abstraction-frameworks,2018-05-16
65,Are Coding Schools Worth the Cost?,/blog/are-coding-schools-worth-the-cost,2018-04-25
66,A Roadmap for Learning How To Code - Part 2,/blog/roadmap-for-learning-how-to-code-02,2018-04-10
67,Meet The Instructor: Joel Burton,/blog/meet-the-instructor-joel-burton,2018-03-27
68,Alumni Spotlight: Anna-Brit Schlaepfer,/blog/alumni-spotlight-anna-brit,2018-03-19
69,The Art of Outreach,/blog/the-art-of-outreach,2018-02-28
70,Intro to VS Code,/blog/vscode,2018-02-20
71,Debugging Like a Developer,/blog/debugging-like-a-developer,2018-02-06
72,Student Interview: Allie + Stephen on Company Projects,/blog/student-interview-allie-stephen,2018-01-31
73,A Roadmap for Learning How To Code - Part 1,/blog/roadmap-for-learning-how-to-code-01,2018-01-24
74,Computer Science Degree vs. Coding Bootcamp Tradeoffs,/blog/computer-science-vs-coding-bootcamp,2018-01-10
75,New Year's Resolutions: Developer Edition,/blog/new-years-resolutions,2018-01-02
76,Student Spotlight: Sean Mangosing,/blog/student-spotlight-sean-mangosing,2017-12-20
77,"New Year, New Outcomes",/blog/new-year-new-outcomes,2017-12-11
78,Five Tips for Landing a Job as a Bootcamp Grad,/blog/five-tips-for-landing-a-job,2017-12-05
79,"Our Newest Scholarship, Diversity, and How Rithm Supports Your Coding Education",/blog/our-newest-scholarship,2017-11-28
80,Why Pay For School?,/blog/why-pay-for-school,2017-11-21
81,"This Holiday Season, Give Back to Tech for Good",/blog/this-holiday-season-give-back-to-tech-for-good,2017-11-07
82,Meet The Instructor: Michael Hueter,/blog/meet-the-instructor-michael-hueter,2017-10-24
83,Student Spotlight: Adele Landers,/blog/student-spotlight-adele-landers,2017-10-17
84,Do Web Developers Need to be Good at Math?,/blog/do-web-developers-need-to-be-good-at-math,2017-10-10
85,Top 4 JavaScript Mistakes That Beginners Make,/blog/top-four-js-mistakes-that-beginners-make,2017-09-27
86,Interview With An Alumni: Katie Krieger,/blog/interview-with-an-alumni-katie-krieger,2017-09-19
87,What Makes a Successful Student?,/blog/what-makes-a-successful-student,2017-09-05
88,5 Topics To Master Before Learning React,/blog/5-topics-to-master-before-learning-react,2017-08-29
89,Soft Skills That Actually Matter In Tech,/blog/soft-skills-that-actually-matter-in-tech,2017-08-22
90,What I Wish Someone Had Told Me Before I Learned To Code,/blog/what-i-wish-someone-had-told-me-before-i-learned-to-code,2017-08-15
91,Rithm School Scholarship Winner Interview: Michelle Huynh,/blog/diversity-scholarship-winner-interview-michelle-huynh,2017-08-08
92,A Bootcamp Bubble?,/blog/a-bootcamp-bubble,2017-08-01
93,Student Interview: Julia Hazer on Company Projects,/blog/student-interview-julia-hazer,2017-07-18
94,Five Tips to Get Into Rithm,/blog/five-tips-to-get-into-rithm,2017-07-11
95,Problem Solving Strategies: Look Back and Refactor,/blog/problem-solving-strategies-06,2017-06-27
96,Student Interview: Shriya Nevatia,/blog/student-interview-shriya-nevatia,2017-06-19
97,"Scholarships, Diversity and How Rithm Supports Your Coding Education",/blog/scholarships-diversity-education,2017-05-23
98,Demystifying Deep Learning,/blog/demystifying-deep-learning,2017-05-11
99,"Staff Spotlight: Angelina Davis, Admissions Manager",/blog/staff-spotlight-angelina-davis,2017-05-02
100,Student Interview: Torre Taylor on Company Projects,/blog/student-interview-torre-taylor,2017-04-18
101,Becoming a Self-Reliant Developer,/blog/becoming-a-self-reliant-developer,2017-04-06
102,You Should Be Going To Tech Conferences,/blog/you-should-be-going-to-tech-conferences,2017-03-30
103,Student Interview: Andrew Mundy,/blog/student-interview-andrew-mundy,2017-03-23
104,She’s Been Persisting: 6 Women in Tech Organizations You Should Know About,/blog/shes-been-persisting,2017-03-16
105,Bootcamp Curious? Perspective from a Recovering Academic,/blog/bootcamp-curious-perspective-from-a-recovering-academic,2017-03-09
106,Problem Solving Strategies: Use Tools Strategically,/blog/problem-solving-strategies-05,2017-02-02
107,Problem Solving Strategies: Solve a Simpler Problem,/blog/problem-solving-strategies-04,2017-01-19
108,Your Roadmap to Learning JavaScript,/blog/your-roadmap-to-learning-javascript,2017-01-05
109,What A Small Class Size Meant to Me,/blog/what-a-small-class-size-meant-to-me,2016-12-19
110,Student Interview: Greg,/blog/student-interview-greg,2016-12-19
111,How to Prepare for the Rithm Technical Interview,/blog/how-to-prepare-for-the-rithm-technical-interview,2016-12-08
112,Problem Solving Strategies: Break It Down,/blog/problem-solving-strategies-03,2016-12-05
113,Problem Solving Strategies: Explore Concrete Examples,/blog/problem-solving-strategies-02,2016-11-28
114,Problem Solving Strategies: Understand the Problem,/blog/problem-solving-strategies-01,2016-11-21
115,Why Do You Want To Code?,/blog/why-do-you-want-to-code,2016-11-15
116,Essential Tools for Web Development,/blog/essential-tools-for-web-development,2016-10-21
117,Five Reasons to Learn JavaScript,/blog/five-reasons-to-learn-javascript,2016-09-29
118,Free Course Prep,/blog/free-course-prep,2016-09-20
119,Building Better Job Support,/blog/building-better-job-support,2016-09-14
120,Why Another Bootcamp?,/blog/why-another-bootcamp,2016-09-06
